Cellname,Longitude,Latitude,Azimuth
L_MAHARATU_PBR_TB2,101.4413,0.43716,140
L_LIMBUNGAN_PBR_IB1,101.45863,0.55875,110
L_KULIM_ATAS1,101.55081,0.47122,0
L_PESANTREN_TEKNOLOGI3,101.55965,0.43832,230
L_MUARA_FAJAR2_PBR_PL2,101.4208,0.65698,120
L_GRIYA_SIDOMULYO1,101.42643,0.4343,65
L_PERUM_JAWITRA_JAYA_CR1,101.38936,0.44325,5
L_PERMATA_PAUS3,101.43696,0.49532,355
L_TELE_CR1,101.48457,0.54034,55
L_NEW_MARPOYAN_KM2,101.45422,0.44853,125
L_PATTIMURA3,101.46524,0.50677,275
L_UNRI2,101.3812,0.46182,235
L_MERANTI_PANDAK1,101.41309,0.5619,80
L_SIMPANG_ARENGKA1,101.42359,0.53027,100
L_JLBAKTI2_PL3,101.42557,0.47725,355
L_PURWODARI_UJUNG_PBR_PL2,101.39871,0.4471,210
L_MELUR3,101.43435,0.52842,175
L_DHARMA_BAKTI_PBR_IB3,101.40066,0.51942,240
L_SUKAMULYA3,101.46175,0.5153,290
L_FEKOM_UNRI_TB2,101.37606,0.48576,210
L_LINGKAR_BARAT_UNRI_CR3,101.394,0.47447,335
L_GUBERNURAN_RIAU2,101.44817,0.52117,160
L_BATA_REJOSARI_PBR_MT3,101.48643,0.53015,310
L_SIMPANG_PANAM2,101.41221,0.48078,235
L_TUAH_KARYA_PBR_MT3,101.36912,0.44558,310
L_FEKOM_UNRI_TB1,101.37606,0.48576,85
L_WONOREJO_PKB3,101.45023,0.50743,300
L_MUARA_FAJAR3,101.42773,0.67152,310
L_HANGTUAH_UJUNG2,101.5095,0.50468,160
L_MUARA_FAJAR1,101.42773,0.67152,30
L_TIGA_DARA3,101.399,0.48805,340
L_MELUR2,101.43435,0.52842,85
L_JLBAKTI2_PL1,101.42557,0.47725,140
L_JL_TEROPONG_PBR_IB1,101.41353,0.4281,100
L_AKAP_TERMINAL1,101.39032,0.50162,60
L_PCR_RUMBAI_PBR_MT2,101.42677,0.56938,190
L_SUKAMULYA2_CR1,101.46586,0.52513,5
L_UNRI1,101.3812,0.46182,90
L_PADANG_BULAN3,101.35675,0.48265,315
L_PEPAYA_SUKAJADI_IB1,101.44147,0.51561,110
L_WONOREJO_PKB2,101.45023,0.50743,190
L_PADANG_BULAN1,101.35675,0.48265,40
L_SRIPALAS_PBR_PL1,101.3851,0.58829,70
L_MAHARATU_PBR_TB1,101.4413,0.43716,70
L_NEW_MARPOYAN_KM1,101.45422,0.44853,25
L_SRIPALAS_PBR_PL2,101.3851,0.58829,130
L_SIMPANG_BARU_PBR_PL2,101.36902,0.46581,120
L_MAHARATU_PBR_TB3,101.4413,0.43716,300
L_MUARA_FAJAR2_PBR_PL3,101.4208,0.65698,300
L_PONDOKMUTIARA_PL3,101.42557,0.54452,285
L_PERUM_JAWITRA_JAYA_CR3,101.38936,0.44325,280
L_JL_KARTAMA_PBR_PL2,101.42888,0.44517,180
L_CITRA_SARI2,101.48498,0.56544,235
L_MAPOYANDAMAI_CR1,101.437,0.46497,30
L_PERUMAHAN_MARSAN1,101.41388,0.46629,30
L_DUYUNG_PBR_PL2,101.42793,0.48802,140
L_LEMBAHSARI_PBR_PL1,101.47081,0.57504,75
L_KAMPUNG_BANDAR1,101.43925,0.53866,60
L_PCR_RUMBAI_PBR_MT3,101.42677,0.56938,310
L_UNRI3,101.3812,0.46182,355
L_SIDOMULYO_BARAT_PL3,101.40858,0.44908,210
L_TANJUNG_RHU1,101.46018,0.54102,15
L_HANGTUAH_UJUNG3,101.5095,0.50468,285
L_RIAPOS3,101.40082,0.46244,300
L_RIAPOS1,101.40082,0.46244,50
L_UMBAN_SARI_PBR_MT3,101.40906,0.57678,300
L_RUMBAI1,101.4246,0.58185,40
L_SRIPALAS_PBR_PL3,101.3851,0.58829,210
L_A_YANI_PKU3,101.44295,0.52886,315
L_TANGKERANGTIMUR_TB3,101.49461,0.49511,310
L_TANGKERANG2,101.45802,0.49255,205
L_SIDOMULYO_TIMUR_PBR_MT3,101.42472,0.466,270
L_TENGKU_MAHMUD_PBR_PL2,101.3932,0.62487,140
L_TANJUNG_RHU2,101.46018,0.54102,130
L_MERANTI_PANDAK2,101.41309,0.5619,170
L_UMBAN_SARI_PBR_MT1,101.40906,0.57678,70
L_RUMBAI_BUKIT_PBR_PL2,101.39626,0.60878,170
L_JL_KERETA_API_PL3,101.44805,0.49843,300
L_JONDUL_BBONE1,101.47304,0.53003,110
L_PURWODARI_UJUNG_PBR_PL3,101.39871,0.4471,330
L_ROAD_OKURA_PBR_TB2,101.50401,0.59213,120
L_PEPAYA_SUKAJADI_IB3,101.44147,0.51561,315
L_MUARA_FAJAR_BARU_PBR_TB3,101.43402,0.64574,290
L_PEPUTRA3,101.46789,0.45671,225
L_RUMBAI_BUKIT_PBR_PL3,101.39626,0.60878,310
L_HARAPAN_RAYA22,101.46291,0.4997,150
L_TUAH_KARYA_PBR_MT1,101.36912,0.44558,70
L_SIMPANG_BINGUNG3,101.42235,0.60368,320
L_TIGA_DARA2,101.399,0.48805,170
L_BUKIT_RAYA_PBR_IB1,101.46861,0.48906,30
L_TANGKERANG_LABUAI_PBR_PL3,101.48168,0.47516,330
L_LIMBUNGAN_PBR_IB2,101.45863,0.55875,180
L_SIMPANG_ARENGKA2,101.42359,0.53027,215
L_JL_HARMONIS_PL2,101.43521,0.56214,180
L_TENGKU_MAHMUD_PBR_PL3,101.3932,0.62487,280
L_TANGKERANG1,101.45802,0.49255,105
L_PESANTREN_TEKNOLOGI1,101.55965,0.43832,25
L_HARAPAN_RAYA3,101.47806,0.49929,335
L_SAIL_RIAU_PL2,101.51976,0.48359,210
L_ARENGKA1,101.42443,0.50092,100
L_PONDOKMUTIARA_PL1,101.42557,0.54452,60
L_PERUMAHAN_MARSAN3,101.41388,0.46629,245
L_SUKAMULYA2_CR3,101.46586,0.52513,245
L_TELE_CR2,101.48457,0.54034,130
L_GUBERNURAN_RIAU3,101.44817,0.52117,305
L_GEMBARA_KULIM_PBR_PL3,101.53432,0.4689,290
L_SEGAR_INDAH1,101.48632,0.51434,60
L_TANGKERANG_TIMUR2,101.50245,0.48617,210
L_JONDUL_BBONE3,101.47304,0.53003,295
L_SUKODADI1,101.41463,0.52868,25
L_RUMBAI3,101.4246,0.58185,275
L_TENGKU_MAHMUD_PBR_PL1,101.3932,0.62487,10
L_GRIYA_SIDOMULYO3,101.42643,0.4343,305
L_JLBAKTI2_PL2,101.42557,0.47725,215
L_WONOREJO_PKB1,101.45023,0.50743,65
L_JL_PESANTREN_PBR_TB3,101.50158,0.46749,320
L_PONPES_UMMUL_QURO_PBR_PL1,101.37764,0.4982,80
L_CITRA_SARI3,101.48498,0.56544,320
L_SIMPANG_BARU_PBR_PL3,101.36902,0.46581,240
L_DHARMA_BAKTI_PBR_IB1,101.40066,0.51942,10
L_LINGKAR_BARAT_UNRI_CR2,101.394,0.47447,225
L_TAMPAN_KMT1,101.41056,0.53909,50
L_SENAPELAN1,101.44809,0.53272,20
L_CIPTA_KARYA_BKG_PL3,101.39168,0.4335,280
L_PEPAYA_SUKAJADI_IB2,101.44147,0.51561,200
L_PRAMUKA_RUMBAI1,101.45094,0.56985,65
L_PONDOKMUTIARA_PL2,101.42557,0.54452,145
L_BERINGIN_PKB3,101.42043,0.45517,250
L_SIMPANG_PANAM1,101.41221,0.48078,100
L_DUYUNG_PBR_PL1,101.42793,0.48802,30
L_JL_KERETA_API_PL2,101.44805,0.49843,180
L_JL_HARMONIS_PL3,101.43521,0.56214,300
L_HARAPAN_RAYA21,101.46291,0.4997,90
L_PRAMUKA_RUMBAI2,101.45094,0.56985,200
L_KP_MELAYU_PKB3,101.43423,0.50688,260
L_BUKIT_RAYA_PBR_IB2,101.46861,0.48906,150
L_BERINGIN_PKB1,101.42043,0.45517,30
L_RATU_MAYANG_PBR_PL2,101.45535,0.48265,170
L_KAMPUNG_BANDAR3,101.43925,0.53866,330
L_YOS_SUDARSO_KM15_PBR_IB1,101.42201,0.62789,40
L_YOS_SUDARSO_KM15_PBR_IB2,101.42201,0.62789,120
L_TANGKERANG_TIMUR3,101.50245,0.48617,305
L_JL_HARMONIS_PL1,101.43521,0.56214,65
L_MARPOYAN_DAMAI_PBR_PL3,101.44429,0.49103,260
L_SUKAMULYA2_CR2,101.46586,0.52513,120
L_HOTEL_RESTY2,101.45528,0.5287,180
L_REJOSARI_PKU_PBR_PL2,101.47624,0.51571,120
L_RONGGO_WARSITO_PBR_PL1,101.45461,0.51399,0
L_LIMESTONE1,101.52039,0.46452,70
L_SUKAMULYA1,101.46175,0.5153,75
L_RONGGO_WARSITO_PBR_PL3,101.45461,0.51399,260
L_JL_KARTAMA_PBR_PL1,101.42888,0.44517,90
L_AIRPORT_PKU3,101.45421,0.46561,235
L_SEGAR_INDAH2,101.48632,0.51434,210
L_A_YANI_PKU1,101.44295,0.52886,95
L_KUBANG_BARU_MT1,101.40283,0.43154,60
L_HARAPAN_JAYA_PBR_MT3,101.50186,0.51643,270
L_PALAS_PKU1,101.39796,0.56034,125
L_SEGAR_INDAH3,101.48632,0.51434,325
L_TANGKERANG_TIMUR1,101.50245,0.48617,100
L_TAMPAN_KMT3,101.41056,0.53909,275
L_REJOSARI_PKU_PBR_PL1,101.47624,0.51571,0
L_SIDOMULYO_TIMUR_PBR_MT2,101.42472,0.466,180
L_MUARA_FAJAR2,101.42773,0.67152,190
L_PEPUTRA2,101.46789,0.45671,150
L_TANGKERANG_LABUAI_PBR_PL1,101.48168,0.47516,120
L_HARAPAN_RAYA1,101.47806,0.49929,125
L_KP_MELAYU_PKB2,101.43423,0.50688,100
L_MELUR1,101.43435,0.52842,5
L_SIMPANG_ARENGKA3,101.42359,0.53027,340
L_LEMBAHSARI_PBR_PL3,101.47081,0.57504,220
L_MUARA_FAJAR_BARU_PBR_TB1,101.43402,0.64574,135
L_PALAS_PKU3,101.39796,0.56034,350
L_DUYUNG_PBR_PL3,101.42793,0.48802,270
L_TANGKERANGTIMUR_TB1,101.49461,0.49511,80
L_PCR_RUMBAI_PBR_MT1,101.42677,0.56938,70
L_OKURA_PBR_TB3,101.52895,0.59268,330
L_SIDOMULYO_BARAT_PL2,101.40858,0.44908,105
L_RUMBAI_BUKIT_PBR_PL1,101.39626,0.60878,50
L_GEMBARA_KULIM_PBR_PL1,101.53432,0.4689,40
L_PERMATA_PAUS2,101.43696,0.49532,220
L_BATA_REJOSARI_PBR_MT2,101.48643,0.53015,210
L_JONDUL_BBONE2,101.47304,0.53003,190
L_ROAD_OKURA_PBR_TB1,101.50401,0.59213,20
L_SIMPANG_BARU_PBR_PL1,101.36902,0.46581,0
L_PESANTREN_TEKNOLOGI2,101.55965,0.43832,135
L_LIMESTONE2,101.52039,0.46452,170
L_RONGGO_WARSITO_PBR_PL2,101.45461,0.51399,140
L_TENAYAN_RAYA_PBR_GT2,101.53755,0.49359,210
L_GABUS_PBR_TB3,101.41014,0.50864,300
L_PONPES_UMMUL_QURO_PBR_PL3,101.37764,0.4982,280
L_MARPOYAN_DAMAI_PBR_PL2,101.44429,0.49103,140
L_PALAS_PKU2,101.39796,0.56034,245
L_TELE_CR3,101.48457,0.54034,255
L_SUKODADI3,101.41463,0.52868,230
L_JL_PESANTREN_PBR_TB1,101.50158,0.46749,30
L_AIRPORT_PKU1,101.45421,0.46561,15
L_ARENGKA2,101.42443,0.50092,195
L_HOTEL_RESTY1,101.45528,0.5287,65
L_TAKERANG_TENGAH_KMT2,101.43804,0.48191,115
L_TAKERANG_TENGAH_KMT3,101.43804,0.48191,220
L_TANGKERANG_LABUAI_PBR_PL2,101.48168,0.47516,240
L_TANGKERANGTIMUR_TB2,101.49461,0.49511,210
L_HARAPAN_RAYA2,101.47806,0.49929,225
L_HOTEL_RESTY3,101.45528,0.5287,330
L_TVRI_PEKANBARU1,101.42848,0.51723,5
L_OKURA_PBR_TB2,101.52895,0.59268,260
L_SIMPANG_BINGUNG2,101.42235,0.60368,235
L_NEW_MARPOYAN_KM3,101.45422,0.44853,245
L_SENAPELAN2,101.44809,0.53272,185
L_OKURA_PBR_TB1,101.52895,0.59268,160
L_SUKAMULYA2,101.46175,0.5153,170
L_TAKERANG_TENGAH_KMT1,101.43804,0.48191,10
L_TVRI_PEKANBARU3,101.42848,0.51723,250
L_PONPES_UMMUL_QURO_PBR_PL2,101.37764,0.4982,210
L_MAPOYANDAMAI_CR2,101.437,0.46497,170
L_AKAP_TERMINAL3,101.39032,0.50162,270
L_RATU_MAYANG_PBR_PL3,101.45535,0.48265,270
L_TAMPAN_KMT2,101.41056,0.53909,155
L_HARAPAN_JAYA_PBR_MT1,101.50186,0.51643,60
L_CIPTA_KARYA_BKG_PL1,101.39168,0.4335,10
L_SUKODADI2,101.41463,0.52868,140
L_PERUMAHAN_MARSAN2,101.41388,0.46629,130
L_PATTIMURA2,101.46524,0.50677,165
L_MERANTI_PANDAK3,101.41309,0.5619,355
L_LEMBAHSARI_PBR_PL2,101.47081,0.57504,155
L_RUMBAI2,101.4246,0.58185,120
L_HANGTUAH_UJUNG1,101.5095,0.50468,15
L_TANJUNG_RHU3,101.46018,0.54102,245
L_ARENGKA3,101.42443,0.50092,340
L_SENAPELAN3,101.44809,0.53272,265
L_SAIL_RIAU_PL1,101.51976,0.48359,90
L_PERUM_JAWITRA_JAYA_CR2,101.38936,0.44325,105
L_JL_KARTAMA_PBR_PL3,101.42888,0.44517,290
L_RIAPOS2,101.40082,0.46244,170
L_SIDOMULYO_BARAT_PL1,101.40858,0.44908,0
L_PRAMUKA_RUMBAI3,101.45094,0.56985,330
L_BERINGIN_PKB2,101.42043,0.45517,135
L_SIMPANG_BINGUNG1,101.42235,0.60368,70
L_HARAPAN_RAYA23,101.46291,0.4997,300
L_PEPUTRA1,101.46789,0.45671,0
L_RINGROAD_PKU2,101.3596,0.49745,130
L_TUAH_KARYA_PBR_MT2,101.36912,0.44558,170
L_BUKIT_RAYA_PBR_IB3,101.46861,0.48906,270
L_YOS_SUDARSO_KM15_PBR_IB3,101.42201,0.62789,280
L_KULIM_ATAS2,101.55081,0.47122,145
L_PERMATA_PAUS1,101.43696,0.49532,100
L_PATTIMURA1,101.46524,0.50677,50
L_BATA_REJOSARI_PBR_MT1,101.48643,0.53015,120
L_KP_MELAYU_PKB1,101.43423,0.50688,20
L_TVRI_PEKANBARU2,101.42848,0.51723,140
L_GUBERNURAN_RIAU1,101.44817,0.52117,65
L_FEKOM_UNRI_TB3,101.37606,0.48576,300
L_SIDOMULYO_TIMUR_PBR_MT1,101.42472,0.466,50
L_ROAD_OKURA_PBR_TB3,101.50401,0.59213,260
L_LIMBUNGAN_PBR_IB3,101.45863,0.55875,310
L_REJOSARI_PKU_PBR_PL3,101.47624,0.51571,240
L_GRIYA_SIDOMULYO2,101.42643,0.4343,200
L_KUBANG_BARU_MT2,101.40283,0.43154,180
L_LINGKAR_BARAT_UNRI_CR1,101.394,0.47447,110
L_MUARA_FAJAR2_PBR_PL1,101.4208,0.65698,10
L_GABUS_PBR_TB2,101.41014,0.50864,180
L_TANGKERANG3,101.45802,0.49255,350
L_GABUS_PBR_TB1,101.41014,0.50864,60
L_A_YANI_PKU2,101.44295,0.52886,240
L_SAIL_RIAU_PL3,101.51976,0.48359,330
L_JL_PESANTREN_PBR_TB2,101.50158,0.46749,200
L_CIPTA_KARYA_BKG_PL2,101.39168,0.4335,170
L_MARPOYAN_DAMAI_PBR_PL1,101.44429,0.49103,20
L_UMBAN_SARI_PBR_MT2,101.40906,0.57678,220
L_JL_TEROPONG_PBR_IB2,101.41353,0.4281,200
L_TENAYAN_RAYA_PBR_GT3,101.53755,0.49359,330
L_PURWODARI_UJUNG_PBR_PL1,101.39871,0.4471,70
L_JL_KERETA_API_PL1,101.44805,0.49843,60
L_MUARA_FAJAR_BARU_PBR_TB2,101.43402,0.64574,200
L_KUBANG_BARU_MT3,101.40283,0.43154,300
L_HARAPAN_JAYA_PBR_MT2,101.50186,0.51643,200
L_AIRPORT_PKU2,101.45421,0.46561,120
L_KULIM_ATAS3,101.55081,0.47122,290
L_CITRA_SARI1,101.48498,0.56544,70
L_JL_TEROPONG_PBR_IB3,101.41353,0.4281,340
L_TIGA_DARA1,101.399,0.48805,65
L_RATU_MAYANG_PBR_PL1,101.45535,0.48265,80
L_LIMESTONE3,101.52039,0.46452,310
L_DHARMA_BAKTI_PBR_IB2,101.40066,0.51942,120
L_PADANG_BULAN2,101.35675,0.48265,165
L_GEMBARA_KULIM_PBR_PL2,101.53432,0.4689,210
L_KAMPUNG_BANDAR2,101.43925,0.53866,190
L_SIMPANG_PANAM3,101.41221,0.48078,340
L_TENAYAN_RAYA_PBR_GT1,101.53755,0.49359,40
L_AKAP_TERMINAL2,101.39032,0.50162,190
L_MAPOYANDAMAI_CR3,101.437,0.46497,270
T_SUKODADI3,101.41463,0.52868,230
T_AKAP_TERMINAL2,101.39032,0.50162,190
T_PONPES_UMMUL_QURO_PBR_PL3,101.37764,0.4982,280
T_JL_TEROPONG_PBR_IB1,101.41353,0.4281,100
T_MUARA_FAJAR_BARU_PBR_TB1,101.43402,0.64574,135
T_WONOREJO_PKB2,101.45023,0.50743,190
T_PEPUTRA1,101.46789,0.45671,0
T_DHARMA_BAKTI_PBR_IB1,101.40066,0.51942,10
T_PESANTREN_TEKNOLOGI1,101.55965,0.43832,25
T_PESANTREN_TEKNOLOGI3,101.55965,0.43832,230
T_HARAPAN_JAYA_PBR_MT2,101.50186,0.51643,200
T_SRIPALAS_PBR_PL2,101.3851,0.58829,130
T_BUKIT_RAYA_PBR_IB1,101.46861,0.48906,30
T_TAMPAN_KMT1,101.41056,0.53909,50
T_JL_KARTAMA_PBR_PL2,101.42888,0.44517,180
T_LIMBUNGAN_PBR_IB3,101.45863,0.55875,310
T_KUBANG_BARU_MT1,101.40283,0.43154,60
T_TUAH_KARYA_PBR_MT2,101.36912,0.44558,170
T_KULIM_ATAS2,101.55081,0.47122,145
T_RIAPOS1,101.40082,0.46244,50
T_GRIYA_SIDOMULYO2,101.42643,0.4343,200
T_OKURA_PBR_TB3,101.52895,0.59268,330
T_PONPES_UMMUL_QURO_PBR_PL2,101.37764,0.4982,210
T_BERINGIN_PKB2,101.42043,0.45517,135
T_HARAPAN_RAYA22,101.46291,0.4997,150
T_TENAYAN_RAYA_PBR_GT1,101.53755,0.49359,40
T_SIMPANG_BINGUNG3,101.42235,0.60368,320
T_TELE_CR3,101.48457,0.54034,255
T_PERUMAHAN_MARSAN2,101.41388,0.46629,130
T_RONGGO_WARSITO_PBR_PL2,101.45461,0.51399,140
T_MUARA_FAJAR_BARU_PBR_TB3,101.43402,0.64574,290
T_MUARA_FAJAR2_PBR_PL3,101.4208,0.65698,300
T_UNRI1,101.3812,0.46182,90
T_SUKODADI1,101.41463,0.52868,25
T_AKAP_TERMINAL3,101.39032,0.50162,270
T_PONDOKMUTIARA_PL2,101.42557,0.54452,145
T_REJOSARI_PKU_PBR_PL3,101.47624,0.51571,240
T_TIGA_DARA1,101.399,0.48805,65
T_TANGKERANG3,101.45802,0.49255,350
T_JL_HARMONIS_PL1,101.43521,0.56214,65
T_ARENGKA3,101.42443,0.50092,340
T_MUARA_FAJAR_BARU_PBR_TB2,101.43402,0.64574,200
T_TANJUNG_RHU3,101.46018,0.54102,245
T_AIRPORT_PKU3,101.45421,0.46561,235
T_MELUR3,101.43435,0.52842,175
T_CITRA_SARI3,101.48498,0.56544,320
T_UMBAN_SARI_PBR_MT1,101.40906,0.57678,70
T_BERINGIN_PKB1,101.42043,0.45517,30
T_JL_PESANTREN_PBR_TB1,101.50158,0.46749,30
T_SUKAMULYA2_CR1,101.46586,0.52513,5
T_KAMPUNG_BANDAR2,101.43925,0.53866,190
T_TENGKU_MAHMUD_PBR_PL1,101.3932,0.62487,10
T_TELE_CR2,101.48457,0.54034,130
T_MAPOYANDAMAI_CR1,101.437,0.46497,30
T_AIRPORT_PKU2,101.45421,0.46561,120
T_KP_MELAYU_PKB1,101.43423,0.50688,20
T_CIPTA_KARYA_BKG_PL1,101.39168,0.4335,10
T_JONDUL_BBONE1,101.47304,0.53003,110
T_PADANG_BULAN3,101.35675,0.48265,315
T_BATA_REJOSARI_PBR_MT3,101.48643,0.53015,310
T_PESANTREN_TEKNOLOGI2,101.55965,0.43832,135
T_CITRA_SARI2,101.48498,0.56544,235
T_GABUS_PBR_TB1,101.41014,0.50864,60
T_RUMBAI_BUKIT_PBR_PL3,101.39626,0.60878,310
T_SIMPANG_BARU_PBR_PL3,101.36902,0.46581,240
T_KULIM_ATAS1,101.55081,0.47122,0
T_NEW_MARPOYAN_KM2,101.45422,0.44853,125
T_UNRI2,101.3812,0.46182,235
T_JLBAKTI2_PL1,101.42557,0.47725,140
T_FEKOM_UNRI_TB3,101.37606,0.48576,300
T_PCR_RUMBAI_PBR_MT1,101.42677,0.56938,70
T_HARAPAN_RAYA23,101.46291,0.4997,300
T_PRAMUKA_RUMBAI2,101.45094,0.56985,200
T_ROAD_OKURA_PBR_TB1,101.50401,0.59213,20
T_GEMBARA_KULIM_PBR_PL2,101.53432,0.4689,210
T_GABUS_PBR_TB2,101.41014,0.50864,180
T_RONGGO_WARSITO_PBR_PL3,101.45461,0.51399,260
T_LIMBUNGAN_PBR_IB2,101.45863,0.55875,180
T_SEGAR_INDAH3,101.48632,0.51434,325
T_PALAS_PKU2,101.39796,0.56034,245
T_MELUR2,101.43435,0.52842,85
T_KAMPUNG_BANDAR1,101.43925,0.53866,60
T_BUKIT_RAYA_PBR_IB3,101.46861,0.48906,270
T_JL_KERETA_API_PL2,101.44805,0.49843,180
T_WONOREJO_PKB1,101.45023,0.50743,65
T_DUYUNG_PBR_PL1,101.42793,0.48802,30
T_BERINGIN_PKB3,101.42043,0.45517,250
T_MUARA_FAJAR1,101.42773,0.67152,30
T_PERMATA_PAUS3,101.43696,0.49532,355
T_WONOREJO_PKB3,101.45023,0.50743,300
T_AKAP_TERMINAL1,101.39032,0.50162,60
T_NEW_MARPOYAN_KM1,101.45422,0.44853,25
T_RUMBAI_BUKIT_PBR_PL1,101.39626,0.60878,50
T_LINGKAR_BARAT_UNRI_CR2,101.394,0.47447,225
T_LINGKAR_BARAT_UNRI_CR1,101.394,0.47447,110
T_TENAYAN_RAYA_PBR_GT2,101.53755,0.49359,210
T_PERMATA_PAUS1,101.43696,0.49532,100
T_RINGROAD_PKU2,101.3596,0.49745,130
T_SIMPANG_PANAM3,101.41221,0.48078,340
T_SUKAMULYA2_CR3,101.46586,0.52513,245
T_PADANG_BULAN2,101.35675,0.48265,165
T_MAHARATU_PBR_TB1,101.4413,0.43716,70
T_MERANTI_PANDAK1,101.41309,0.5619,80
T_TANGKERANG_LABUAI_PBR_PL2,101.48168,0.47516,240
T_ROAD_OKURA_PBR_TB3,101.50401,0.59213,260
T_GUBERNURAN_RIAU1,101.44817,0.52117,65
T_A_YANI_PKU2,101.44295,0.52886,240
T_JLBAKTI2_PL3,101.42557,0.47725,355
T_KUBANG_BARU_MT2,101.40283,0.43154,180
T_MARPOYAN_DAMAI_PBR_PL2,101.44429,0.49103,140
T_MAHARATU_PBR_TB3,101.4413,0.43716,300
T_REJOSARI_PKU_PBR_PL2,101.47624,0.51571,120
T_TANGKERANG_TIMUR2,101.50245,0.48617,210
T_SAIL_RIAU_PL2,101.51976,0.48359,210
T_PALAS_PKU3,101.39796,0.56034,350
T_PERUM_JAWITRA_JAYA_CR2,101.38936,0.44325,105
T_SRIPALAS_PBR_PL1,101.3851,0.58829,70
T_JONDUL_BBONE3,101.47304,0.53003,295
T_HANGTUAH_UJUNG3,101.5095,0.50468,285
T_RUMBAI3,101.4246,0.58185,275
T_TANGKERANG2,101.45802,0.49255,205
T_OKURA_PBR_TB1,101.52895,0.59268,160
T_GUBERNURAN_RIAU2,101.44817,0.52117,160
T_YOS_SUDARSO_KM15_PBR_IB2,101.42201,0.62789,120
T_SIMPANG_BARU_PBR_PL1,101.36902,0.46581,0
T_TANJUNG_RHU2,101.46018,0.54102,130
T_LIMESTONE1,101.52039,0.46452,70
T_MUARA_FAJAR3,101.42773,0.67152,310
T_TVRI_PEKANBARU3,101.42848,0.51723,250
T_RIAPOS2,101.40082,0.46244,170
T_PURWODARI_UJUNG_PBR_PL3,101.39871,0.4471,330
T_UMBAN_SARI_PBR_MT2,101.40906,0.57678,220
T_NEW_MARPOYAN_KM3,101.45422,0.44853,245
T_JL_KERETA_API_PL1,101.44805,0.49843,60
T_GRIYA_SIDOMULYO3,101.42643,0.4343,305
T_RIAPOS3,101.40082,0.46244,300
T_TVRI_PEKANBARU1,101.42848,0.51723,5
T_AIRPORT_PKU1,101.45421,0.46561,15
T_JL_PESANTREN_PBR_TB2,101.50158,0.46749,200
T_HOTEL_RESTY1,101.45528,0.5287,65
T_FEKOM_UNRI_TB1,101.37606,0.48576,85
T_MAPOYANDAMAI_CR2,101.437,0.46497,170
T_BATA_REJOSARI_PBR_MT1,101.48643,0.53015,120
T_TVRI_PEKANBARU2,101.42848,0.51723,140
T_TIGA_DARA2,101.399,0.48805,170
T_SENAPELAN1,101.44809,0.53272,20
T_HARAPAN_RAYA3,101.47806,0.49929,335
T_ARENGKA2,101.42443,0.50092,195
T_ARENGKA1,101.42443,0.50092,100
T_PURWODARI_UJUNG_PBR_PL2,101.39871,0.4471,210
T_JONDUL_BBONE2,101.47304,0.53003,190
T_PCR_RUMBAI_PBR_MT2,101.42677,0.56938,190
T_A_YANI_PKU3,101.44295,0.52886,315
T_PURWODARI_UJUNG_PBR_PL1,101.39871,0.4471,70
T_UMBAN_SARI_PBR_MT3,101.40906,0.57678,300
T_TANJUNG_RHU1,101.46018,0.54102,15
T_MUARA_FAJAR2,101.42773,0.67152,190
T_JL_KERETA_API_PL3,101.44805,0.49843,300
T_RATU_MAYANG_PBR_PL1,101.45535,0.48265,80
T_SUKAMULYA1,101.46175,0.5153,75
T_SIDOMULYO_BARAT_PL2,101.40858,0.44908,105
T_TIGA_DARA3,101.399,0.48805,340
T_SEGAR_INDAH2,101.48632,0.51434,210
T_LIMBUNGAN_PBR_IB1,101.45863,0.55875,110
T_RUMBAI1,101.4246,0.58185,40
T_PERUMAHAN_MARSAN1,101.41388,0.46629,30
T_MARPOYAN_DAMAI_PBR_PL3,101.44429,0.49103,260
T_MAHARATU_PBR_TB2,101.4413,0.43716,140
T_JL_HARMONIS_PL3,101.43521,0.56214,300
T_PERMATA_PAUS2,101.43696,0.49532,220
T_TANGKERANG_LABUAI_PBR_PL3,101.48168,0.47516,330
T_TELE_CR1,101.48457,0.54034,55
T_PERUM_JAWITRA_JAYA_CR3,101.38936,0.44325,280
T_RONGGO_WARSITO_PBR_PL1,101.45461,0.51399,0
T_TANGKERANGTIMUR_TB2,101.49461,0.49511,210
T_GEMBARA_KULIM_PBR_PL3,101.53432,0.4689,290
T_TAMPAN_KMT2,101.41056,0.53909,155
T_BUKIT_RAYA_PBR_IB2,101.46861,0.48906,150
T_TAMPAN_KMT3,101.41056,0.53909,275
T_PATTIMURA3,101.46524,0.50677,275
T_PCR_RUMBAI_PBR_MT3,101.42677,0.56938,310
T_HARAPAN_RAYA21,101.46291,0.4997,90
T_TANGKERANG_TIMUR1,101.50245,0.48617,100
T_LEMBAHSARI_PBR_PL2,101.47081,0.57504,155
T_TUAH_KARYA_PBR_MT3,101.36912,0.44558,310
T_TENGKU_MAHMUD_PBR_PL2,101.3932,0.62487,140
T_HARAPAN_JAYA_PBR_MT1,101.50186,0.51643,60
T_DHARMA_BAKTI_PBR_IB2,101.40066,0.51942,120
T_REJOSARI_PKU_PBR_PL1,101.47624,0.51571,0
T_GRIYA_SIDOMULYO1,101.42643,0.4343,65
T_SENAPELAN3,101.44809,0.53272,265
T_SENAPELAN2,101.44809,0.53272,185
T_SIMPANG_ARENGKA2,101.42359,0.53027,215
T_HOTEL_RESTY2,101.45528,0.5287,180
T_SAIL_RIAU_PL3,101.51976,0.48359,330
T_KP_MELAYU_PKB3,101.43423,0.50688,260
T_PADANG_BULAN1,101.35675,0.48265,40
T_TAKERANG_TENGAH_KMT1,101.43804,0.48191,10
T_TAKERANG_TENGAH_KMT2,101.43804,0.48191,115
T_TAKERANG_TENGAH_KMT3,101.43804,0.48191,220
T_MELUR1,101.43435,0.52842,5
T_MERANTI_PANDAK3,101.41309,0.5619,355
T_SUKODADI2,101.41463,0.52868,140
T_SUKAMULYA2_CR2,101.46586,0.52513,120
T_LIMESTONE3,101.52039,0.46452,310
T_TANGKERANGTIMUR_TB3,101.49461,0.49511,310
T_HARAPAN_JAYA_PBR_MT3,101.50186,0.51643,270
T_TENAYAN_RAYA_PBR_GT3,101.53755,0.49359,330
T_PATTIMURA2,101.46524,0.50677,165
T_TENGKU_MAHMUD_PBR_PL3,101.3932,0.62487,280
T_SIDOMULYO_TIMUR_PBR_MT1,101.42472,0.466,50
T_TUAH_KARYA_PBR_MT1,101.36912,0.44558,70
T_PEPAYA_SUKAJADI_IB2,101.44147,0.51561,200
T_PERUM_JAWITRA_JAYA_CR1,101.38936,0.44325,5
T_HANGTUAH_UJUNG1,101.5095,0.50468,15
T_PALAS_PKU1,101.39796,0.56034,125
T_KAMPUNG_BANDAR3,101.43925,0.53866,330
T_PEPUTRA3,101.46789,0.45671,225
T_PRAMUKA_RUMBAI1,101.45094,0.56985,65
T_UNRI3,101.3812,0.46182,355
T_PONPES_UMMUL_QURO_PBR_PL1,101.37764,0.4982,80
T_LINGKAR_BARAT_UNRI_CR3,101.394,0.47447,335
T_HARAPAN_RAYA2,101.47806,0.49929,225
T_DUYUNG_PBR_PL2,101.42793,0.48802,140
T_A_YANI_PKU1,101.44295,0.52886,95
T_SIMPANG_BINGUNG2,101.42235,0.60368,235
T_HARAPAN_RAYA1,101.47806,0.49929,125
T_PRAMUKA_RUMBAI3,101.45094,0.56985,330
T_JLBAKTI2_PL2,101.42557,0.47725,215
T_KULIM_ATAS3,101.55081,0.47122,290
T_RUMBAI2,101.4246,0.58185,120
T_SIMPANG_BARU_PBR_PL2,101.36902,0.46581,120
T_PEPUTRA2,101.46789,0.45671,150
T_KUBANG_BARU_MT3,101.40283,0.43154,300
T_PONDOKMUTIARA_PL1,101.42557,0.54452,60
T_MERANTI_PANDAK2,101.41309,0.5619,170
T_LIMESTONE2,101.52039,0.46452,170
T_HOTEL_RESTY3,101.45528,0.5287,330
T_ROAD_OKURA_PBR_TB2,101.50401,0.59213,120
T_SIMPANG_ARENGKA1,101.42359,0.53027,100
T_RATU_MAYANG_PBR_PL2,101.45535,0.48265,170
T_PONDOKMUTIARA_PL3,101.42557,0.54452,285
T_HANGTUAH_UJUNG2,101.5095,0.50468,160
T_GABUS_PBR_TB3,101.41014,0.50864,300
T_RATU_MAYANG_PBR_PL3,101.45535,0.48265,270
T_JL_PESANTREN_PBR_TB3,101.50158,0.46749,320
T_CITRA_SARI1,101.48498,0.56544,70
T_KP_MELAYU_PKB2,101.43423,0.50688,100
T_SIDOMULYO_TIMUR_PBR_MT3,101.42472,0.466,270
T_DHARMA_BAKTI_PBR_IB3,101.40066,0.51942,240
T_MAPOYANDAMAI_CR3,101.437,0.46497,270
T_SRIPALAS_PBR_PL3,101.3851,0.58829,210
T_JL_HARMONIS_PL2,101.43521,0.56214,180
T_TANGKERANG_TIMUR3,101.50245,0.48617,305
T_SIDOMULYO_BARAT_PL3,101.40858,0.44908,210
T_CIPTA_KARYA_BKG_PL3,101.39168,0.4335,280
T_PEPAYA_SUKAJADI_IB1,101.44147,0.51561,110
T_SIMPANG_PANAM2,101.41221,0.48078,235
T_LEMBAHSARI_PBR_PL1,101.47081,0.57504,75
T_SEGAR_INDAH1,101.48632,0.51434,60
T_RUMBAI_BUKIT_PBR_PL2,101.39626,0.60878,170
T_TANGKERANG1,101.45802,0.49255,105
T_SIDOMULYO_BARAT_PL1,101.40858,0.44908,0
T_SUKAMULYA2,101.46175,0.5153,170
T_TANGKERANG_LABUAI_PBR_PL1,101.48168,0.47516,120
T_MARPOYAN_DAMAI_PBR_PL1,101.44429,0.49103,20
T_YOS_SUDARSO_KM15_PBR_IB3,101.42201,0.62789,280
T_PEPAYA_SUKAJADI_IB3,101.44147,0.51561,315
T_FEKOM_UNRI_TB2,101.37606,0.48576,210
T_MUARA_FAJAR2_PBR_PL1,101.4208,0.65698,10
T_SIMPANG_PANAM1,101.41221,0.48078,100
T_LEMBAHSARI_PBR_PL3,101.47081,0.57504,220
T_GUBERNURAN_RIAU3,101.44817,0.52117,305
T_SIMPANG_ARENGKA3,101.42359,0.53027,340
T_MUARA_FAJAR2_PBR_PL2,101.4208,0.65698,120
T_JL_TEROPONG_PBR_IB3,101.41353,0.4281,340
T_DUYUNG_PBR_PL3,101.42793,0.48802,270
T_OKURA_PBR_TB2,101.52895,0.59268,260
T_SUKAMULYA3,101.46175,0.5153,290
T_YOS_SUDARSO_KM15_PBR_IB1,101.42201,0.62789,40
T_GEMBARA_KULIM_PBR_PL1,101.53432,0.4689,40
T_BATA_REJOSARI_PBR_MT2,101.48643,0.53015,210
T_JL_KARTAMA_PBR_PL1,101.42888,0.44517,90
T_SAIL_RIAU_PL1,101.51976,0.48359,90
T_SIDOMULYO_TIMUR_PBR_MT2,101.42472,0.466,180
T_JL_KARTAMA_PBR_PL3,101.42888,0.44517,290
T_PERUMAHAN_MARSAN3,101.41388,0.46629,245
T_SIMPANG_BINGUNG1,101.42235,0.60368,70
T_PATTIMURA1,101.46524,0.50677,50
T_TANGKERANGTIMUR_TB1,101.49461,0.49511,80
E_BERINGIN_PKB1,101.42043,0.45517,30
E_TIGA_DARA2,101.399,0.48805,170
E_KAMPUNG_BANDAR3,101.43925,0.53866,330
E_JL_KERETA_API_PL3,101.44805,0.49843,300
E_TANJUNG_RHU1,101.46018,0.54102,15
E_GRIYA_SIDOMULYO2,101.42643,0.4343,200
E_SAIL_RIAU_PL2,101.51976,0.48359,210
E_TANGKERANG3,101.45802,0.49255,350
E_KAMPUNG_BANDAR1,101.43925,0.53866,60
E_FEKOM_UNRI_TB2,101.37606,0.48576,210
E_TANGKERANGTIMUR_TB1,101.49461,0.49511,80
E_PERMATA_PAUS2,101.43696,0.49532,220
E_TANJUNG_RHU3,101.46018,0.54102,245
E_GRIYA_SIDOMULYO3,101.42643,0.4343,305
E_REJOSARI_PKU_PBR_PL3,101.47624,0.51571,240
E_PALAS_PKU1,101.39796,0.56034,125
E_PERUM_JAWITRA_JAYA_CR3,101.38936,0.44325,280
E_PERUMAHAN_MARSAN3,101.41388,0.46629,245
E_A_YANI_PKU2,101.44295,0.52886,240
E_BERINGIN_PKB2,101.42043,0.45517,135
E_KULIM_ATAS1,101.55081,0.47122,0
E_TELE_CR3,101.48457,0.54034,255
E_MUARA_FAJAR1,101.42773,0.67152,30
E_MAPOYANDAMAI_CR1,101.437,0.46497,30
E_SUKODADI1,101.41463,0.52868,25
E_HANGTUAH_UJUNG3,101.5095,0.50468,285
E_TANGKERANGTIMUR_TB3,101.49461,0.49511,310
E_TANGKERANG2,101.45802,0.49255,205
E_JL_HARMONIS_PL2,101.43521,0.56214,180
E_ARENGKA2,101.42443,0.50092,195
E_TIGA_DARA1,101.399,0.48805,65
E_RUMBAI2,101.4246,0.58185,120
E_PATTIMURA2,101.46524,0.50677,165
E_KULIM_ATAS3,101.55081,0.47122,290
E_GUBERNURAN_RIAU2,101.44817,0.52117,160
E_PALAS_PKU2,101.39796,0.56034,245
E_PEPAYA_SUKAJADI_IB3,101.44147,0.51561,315
E_ARENGKA3,101.42443,0.50092,340
E_MAPOYANDAMAI_CR2,101.437,0.46497,170
E_SUKODADI2,101.41463,0.52868,140
E_RIAPOS2,101.40082,0.46244,170
E_MELUR1,101.43435,0.52842,5
E_SIMPANG_PANAM2,101.41221,0.48078,235
E_RATU_MAYANG_PBR_PL1,101.45535,0.48265,80
E_TAKERANG_TENGAH_KMT2,101.43804,0.48191,115
E_TAMPAN_KMT2,101.41056,0.53909,155
E_PONDOKMUTIARA_PL2,101.42557,0.54452,145
E_GUBERNURAN_RIAU1,101.44817,0.52117,65
E_REJOSARI_PKU_PBR_PL2,101.47624,0.51571,120
E_SENAPELAN2,101.44809,0.53272,185
E_MERANTI_PANDAK3,101.41309,0.5619,355
E_RUMBAI1,101.4246,0.58185,40
E_HARAPAN_RAYA21,101.46291,0.4997,90
E_HANGTUAH_UJUNG1,101.5095,0.50468,15
E_SIMPANG_BINGUNG3,101.42235,0.60368,320
E_JLBAKTI2_PL1,101.42557,0.47725,140
E_PERUMAHAN_MARSAN2,101.41388,0.46629,130
E_TANGKERANG_TIMUR1,101.50245,0.48617,100
E_SEGAR_INDAH2,101.48632,0.51434,210
E_AKAP_TERMINAL3,101.39032,0.50162,270
E_WONOREJO_PKB1,101.45023,0.50743,65
E_PERMATA_PAUS3,101.43696,0.49532,355
E_JLBAKTI2_PL2,101.42557,0.47725,215
E_NEW_MARPOYAN_KM3,101.45422,0.44853,245
E_MAPOYANDAMAI_CR3,101.437,0.46497,270
E_KP_MELAYU_PKB1,101.43423,0.50688,20
E_PERMATA_PAUS1,101.43696,0.49532,100
E_MUARA_FAJAR3,101.42773,0.67152,310
E_SUKODADI3,101.41463,0.52868,230
E_SUKAMULYA2_CR3,101.46586,0.52513,245
E_SIDOMULYO_BARAT_PL1,101.40858,0.44908,0
E_PEPUTRA1,101.46789,0.45671,0
E_SUKAMULYA1,101.46175,0.5153,75
E_HANGTUAH_UJUNG2,101.5095,0.50468,160
E_MERANTI_PANDAK2,101.41309,0.5619,170
E_PCR_RUMBAI_PBR_MT3,101.42677,0.56938,310
E_SUKAMULYA2_CR2,101.46586,0.52513,120
E_PESANTREN_TEKNOLOGI2,101.55965,0.43832,135
E_RIAPOS1,101.40082,0.46244,50
E_NEW_MARPOYAN_KM2,101.45422,0.44853,125
E_SAIL_RIAU_PL3,101.51976,0.48359,330
E_PESANTREN_TEKNOLOGI3,101.55965,0.43832,230
E_LIMESTONE2,101.52039,0.46452,170
E_TANGKERANG1,101.45802,0.49255,105
E_SIDOMULYO_BARAT_PL2,101.40858,0.44908,105
E_SENAPELAN1,101.44809,0.53272,20
E_LIMESTONE3,101.52039,0.46452,310
E_A_YANI_PKU3,101.44295,0.52886,315
E_TIGA_DARA3,101.399,0.48805,340
E_MELUR3,101.43435,0.52842,175
E_PRAMUKA_RUMBAI1,101.45094,0.56985,65
E_PATTIMURA3,101.46524,0.50677,275
E_REJOSARI_PKU_PBR_PL1,101.47624,0.51571,0
E_SRIPALAS_PBR_PL2,101.3851,0.58829,130
E_PATTIMURA1,101.46524,0.50677,50
E_SENAPELAN3,101.44809,0.53272,265
E_JL_HARMONIS_PL3,101.43521,0.56214,300
E_SIMPANG_BINGUNG1,101.42235,0.60368,70
E_TVRI_PEKANBARU3,101.42848,0.51723,250
E_HARAPAN_RAYA23,101.46291,0.4997,300
E_TANGKERANG_TIMUR2,101.50245,0.48617,210
E_SUKAMULYA2,101.46175,0.5153,170
E_RATU_MAYANG_PBR_PL3,101.45535,0.48265,270
E_RIAPOS3,101.40082,0.46244,300
E_PERUMAHAN_MARSAN1,101.41388,0.46629,30
E_TVRI_PEKANBARU2,101.42848,0.51723,140
E_LINGKAR_BARAT_UNRI_CR1,101.394,0.47447,110
E_JL_HARMONIS_PL1,101.43521,0.56214,65
E_PRAMUKA_RUMBAI2,101.45094,0.56985,200
E_SIMPANG_BINGUNG2,101.42235,0.60368,235
E_PEPUTRA2,101.46789,0.45671,150
E_SIMPANG_PANAM3,101.41221,0.48078,340
E_SAIL_RIAU_PL1,101.51976,0.48359,90
E_PESANTREN_TEKNOLOGI1,101.55965,0.43832,25
E_A_YANI_PKU1,101.44295,0.52886,95
E_TELE_CR1,101.48457,0.54034,55
E_PADANG_BULAN2,101.35675,0.48265,165
E_MERANTI_PANDAK1,101.41309,0.5619,80
E_PONDOKMUTIARA_PL3,101.42557,0.54452,285
E_FEKOM_UNRI_TB1,101.37606,0.48576,85
E_UNRI2,101.3812,0.46182,235
E_AKAP_TERMINAL2,101.39032,0.50162,190
E_KP_MELAYU_PKB3,101.43423,0.50688,260
E_SEGAR_INDAH1,101.48632,0.51434,60
E_GABUS_PBR_TB1,101.41014,0.50864,60
E_HOTEL_RESTY2,101.45528,0.5287,180
E_HOTEL_RESTY1,101.45528,0.5287,65
E_AIRPORT_PKU1,101.45421,0.46561,15
E_TAKERANG_TENGAH_KMT3,101.43804,0.48191,220
E_TANGKERANG_TIMUR3,101.50245,0.48617,305
E_KUBANG_BARU_MT2,101.40283,0.43154,180
E_JL_KERETA_API_PL1,101.44805,0.49843,60
E_SRIPALAS_PBR_PL3,101.3851,0.58829,210
E_JONDUL_BBONE3,101.47304,0.53003,295
E_CITRA_SARI2,101.48498,0.56544,235
E_LIMESTONE1,101.52039,0.46452,70
E_HARAPAN_RAYA22,101.46291,0.4997,150
E_SIMPANG_ARENGKA3,101.42359,0.53027,340
E_PEPAYA_SUKAJADI_IB1,101.44147,0.51561,110
E_HARAPAN_RAYA2,101.47806,0.49929,225
E_PEPAYA_SUKAJADI_IB2,101.44147,0.51561,200
E_PEPUTRA3,101.46789,0.45671,225
E_UNRI1,101.3812,0.46182,90
E_UNRI3,101.3812,0.46182,355
E_ARENGKA1,101.42443,0.50092,100
E_BERINGIN_PKB3,101.42043,0.45517,250
E_PERUM_JAWITRA_JAYA_CR1,101.38936,0.44325,5
E_MELUR2,101.43435,0.52842,85
E_PCR_RUMBAI_PBR_MT2,101.42677,0.56938,190
E_TAMPAN_KMT1,101.41056,0.53909,50
E_TVRI_PEKANBARU1,101.42848,0.51723,5
E_SIMPANG_PANAM1,101.41221,0.48078,100
E_TAKERANG_TENGAH_KMT1,101.43804,0.48191,10
E_CITRA_SARI3,101.48498,0.56544,320
E_SIMPANG_ARENGKA2,101.42359,0.53027,215
E_RINGROAD_PKU2,101.3596,0.49745,130
E_SEGAR_INDAH3,101.48632,0.51434,325
E_KULIM_ATAS2,101.55081,0.47122,145
E_HOTEL_RESTY3,101.45528,0.5287,330
E_HARAPAN_RAYA3,101.47806,0.49929,335
E_PONDOKMUTIARA_PL1,101.42557,0.54452,60
E_RUMBAI3,101.4246,0.58185,275
E_PALAS_PKU3,101.39796,0.56034,350
E_PADANG_BULAN1,101.35675,0.48265,40
E_SRIPALAS_PBR_PL1,101.3851,0.58829,70
E_SUKAMULYA3,101.46175,0.5153,290
E_PADANG_BULAN3,101.35675,0.48265,315
E_SIDOMULYO_BARAT_PL3,101.40858,0.44908,210
E_JLBAKTI2_PL3,101.42557,0.47725,355
E_KUBANG_BARU_MT1,101.40283,0.43154,60
E_TAMPAN_KMT3,101.41056,0.53909,275
E_LINGKAR_BARAT_UNRI_CR3,101.394,0.47447,335
E_RATU_MAYANG_PBR_PL2,101.45535,0.48265,170
E_PRAMUKA_RUMBAI3,101.45094,0.56985,330
E_KP_MELAYU_PKB2,101.43423,0.50688,100
E_AIRPORT_PKU2,101.45421,0.46561,120
E_KUBANG_BARU_MT3,101.40283,0.43154,300
E_GRIYA_SIDOMULYO1,101.42643,0.4343,65
E_NEW_MARPOYAN_KM1,101.45422,0.44853,25
E_SIMPANG_ARENGKA1,101.42359,0.53027,100
E_PCR_RUMBAI_PBR_MT1,101.42677,0.56938,70
E_TANJUNG_RHU2,101.46018,0.54102,130
E_SUKAMULYA2_CR1,101.46586,0.52513,5
E_WONOREJO_PKB3,101.45023,0.50743,300
E_GABUS_PBR_TB3,101.41014,0.50864,300
E_AIRPORT_PKU3,101.45421,0.46561,235
E_FEKOM_UNRI_TB3,101.37606,0.48576,300
E_GUBERNURAN_RIAU3,101.44817,0.52117,305
E_HARAPAN_RAYA1,101.47806,0.49929,125
E_JL_KERETA_API_PL2,101.44805,0.49843,180
E_JONDUL_BBONE1,101.47304,0.53003,110
E_JONDUL_BBONE2,101.47304,0.53003,190
E_GABUS_PBR_TB2,101.41014,0.50864,180
E_WONOREJO_PKB2,101.45023,0.50743,190
E_CITRA_SARI1,101.48498,0.56544,70
E_TANGKERANGTIMUR_TB2,101.49461,0.49511,210
E_MUARA_FAJAR2,101.42773,0.67152,190
E_KAMPUNG_BANDAR2,101.43925,0.53866,190
E_AKAP_TERMINAL1,101.39032,0.50162,60
E_PERUM_JAWITRA_JAYA_CR2,101.38936,0.44325,105
E_LINGKAR_BARAT_UNRI_CR2,101.394,0.47447,225
E_TELE_CR2,101.48457,0.54034,130
